{"root":[{"assemblyName":"Cinemachine","nameSpace":"Cinemachine","className":"CinemachineStoryboard","methodName":"InitializeModule","loadTypes":0,"isUnityClass":false},{"assemblyName":"Cinemachine","nameSpace":"Cinemachine","className":"CinemachineCore","methodName":"InitializeModule","loadTypes":0,"isUnityClass":false},{"assemblyName":"Cinemachine","nameSpace":"Cinemachine","className":"UpdateTracker","methodName":"InitializeModule","loadTypes":0,"isUnityClass":false},{"assemblyName":"Cinemachine","nameSpace":"Cinemachine","className":"CinemachineImpulseManager","methodName":"InitializeModule","loadTypes":0,"isUnityClass":false},{"assemblyName":"Bolt.Core.Runtime","nameSpace":"Bolt","className":"ApplicationVariables","methodName":"OnEnterPlayMode","loadTypes":1,"isUnityClass":false},{"assemblyName":"Bolt.Core.Runtime","nameSpace":"Bolt","className":"SavedVariables","methodName":"OnEnterPlayMode","loadTypes":1,"isUnityClass":false},{"assemblyName":"Ludiq.Core.Runtime","nameSpace":"Ludiq","className":"Ensure","methodName":"OnRuntimeMethodLoad","loadTypes":1,"isUnityClass":false},{"assemblyName":"Ludiq.Core.Runtime","nameSpace":"Ludiq","className":"Recursion","methodName":"OnRuntimeMethodLoad","loadTypes":1,"isUnityClass":false},{"assemblyName":"Ludiq.Core.Runtime","nameSpace":"Ludiq","className":"OptimizedReflection","methodName":"OnRuntimeMethodLoad","loadTypes":1,"isUnityClass":false},{"assemblyName":"Ludiq.Core.Runtime","nameSpace":"Ludiq","className":"ReferenceCollector","methodName":"Initialize","loadTypes":1,"isUnityClass":false},{"assemblyName":"Ludiq.Core.Runtime","nameSpace":"Ludiq","className":"UnityThread","methodName":"RuntimeInitialize","loadTypes":1,"isUnityClass":false}]}
